Start Datetime,Incident ID
2020-11-01,60
2020-11-02,87
2020-11-03,104
2020-11-04,97
2020-11-05,101
2020-11-06,81
2020-11-07,78
2020-11-08,69
2020-11-09,61
2020-11-10,99
2020-11-11,83
2020-11-12,96
2020-11-13,83
2020-11-14,61
2020-11-15,65
2020-11-16,58
2020-11-17,90
2020-11-18,106
2020-11-19,101
2020-11-20,97
2020-11-21,77
2020-11-22,57
2020-11-23,82
2020-11-24,91
2020-11-25,112
2020-11-26,61
2020-11-27,55
2020-11-28,85
2020-11-29,56
2020-11-30,69
2020-12-01,79
2020-12-02,92
2020-12-03,70
2020-12-04,82
2020-12-05,76
2020-12-06,60
2020-12-07,80
2020-12-08,88
2020-12-09,91
2020-12-10,74
2020-12-11,89
2020-12-12,88
2020-12-13,70
2020-12-14,83
2020-12-15,84
2020-12-16,102
2020-12-17,90
2020-12-18,99
2020-12-19,80
2020-12-20,66
2020-12-21,96
2020-12-22,114
2020-12-23,105
2020-12-24,98
2020-12-25,52
2020-12-26,71
2020-12-27,41
2020-12-28,91
2020-12-29,82
2020-12-30,83
2020-12-31,101
2021-01-01,96
2021-01-02,67
2021-01-03,65
2021-01-04,87
2021-01-05,83
2021-01-06,98
2021-01-07,82
2021-01-08,66
2021-01-09,62
2021-01-10,58
2021-01-11,79
2021-01-12,73
2021-01-13,70
2021-01-14,86
2021-01-15,70
2021-01-16,74
2021-01-17,55
2021-01-18,86
2021-01-19,102
2021-01-20,60
2021-01-21,96
2021-01-22,86
2021-01-23,70
2021-01-24,31
2021-01-25,91
2021-01-26,102
2021-01-27,112
2021-01-28,84
2021-01-29,93
2021-01-30,98
2021-01-31,60
2021-02-01,71
2021-02-02,82
2021-02-03,70
2021-02-04,97
2021-02-05,105
2021-02-06,64
2021-02-07,61
2021-02-08,82
2021-02-09,67
2021-02-10,89
2021-02-11,84
2021-02-12,101
2021-02-13,66
2021-02-14,133
2021-02-15,137
2021-02-16,127
2021-02-17,115
2021-02-18,100
2021-02-19,89
2021-02-20,80
2021-02-21,82
2021-02-22,140
2021-02-23,132
2021-02-24,131
2021-02-25,121
2021-02-26,112
2021-02-27,93
2021-02-28,100
2021-03-01,132
2021-03-02,141
2021-03-03,110
2021-03-04,124
2021-03-05,116
2021-03-06,76
2021-03-07,68
2021-03-08,119
2021-03-09,96
2021-03-10,109
2021-03-11,117
2021-03-12,93
2021-03-13,82
2021-03-14,51
2021-03-15,63
2021-03-16,97
2021-03-17,66
2021-03-18,102
2021-03-19,92
2021-03-20,84
2021-03-21,64
2021-03-22,77
2021-03-23,85
2021-03-24,118
2021-03-25,118
2021-03-26,130
2021-03-27,105
2021-03-28,105
2021-03-29,102
2021-03-30,116
2021-03-31,109
2021-04-01,113
2021-04-02,93
2021-04-03,78
2021-04-04,65
2021-04-05,111
2021-04-06,94
2021-04-07,145
2021-04-08,119
2021-04-09,117
2021-04-10,79
2021-04-11,94
2021-04-12,91
2021-04-13,103
2021-04-14,86
2021-04-15,98
2021-04-16,117
2021-04-17,72
2021-04-18,60
2021-04-19,76
2021-04-20,113
2021-04-21,89
2021-04-22,102
2021-04-23,85
2021-04-24,75
2021-04-25,78
2021-04-26,95
2021-04-27,100
2021-04-28,115
2021-04-29,103
2021-04-30,122
2021-05-01,76
2021-05-02,83
2021-05-03,100
2021-05-04,105
2021-05-05,105
2021-05-06,93
2021-05-07,98
2021-05-08,86
2021-05-09,55
2021-05-10,80
2021-05-11,92
2021-05-12,99
2021-05-13,110
2021-05-14,98
2021-05-15,66
2021-05-16,67
2021-05-17,72
2021-05-18,117
2021-05-19,104
2021-05-20,126
2021-05-21,111
2021-05-22,84
2021-05-23,86
2021-05-24,89
2021-05-25,120
2021-05-26,108
2021-05-27,128
2021-05-28,107
2021-05-29,46
2021-05-30,53
2021-05-31,63
2021-06-01,99
2021-06-02,102
2021-06-03,93
2021-06-04,121
2021-06-05,89
2021-06-06,69
2021-06-07,105
2021-06-08,102
2021-06-09,128
2021-06-10,118
2021-06-11,95
2021-06-12,75
2021-06-13,74
2021-06-14,104
2021-06-15,101
2021-06-16,106
2021-06-17,71
2021-06-18,118
2021-06-19,97
2021-06-20,80
2021-06-21,111
2021-06-22,92
2021-06-23,76
2021-06-24,88
2021-06-25,111
2021-06-26,83
2021-06-27,60
2021-06-28,89
2021-06-29,95
2021-06-30,106
2021-07-01,98
2021-07-02,96
2021-07-03,79
2021-07-04,75
2021-07-05,82
2021-07-06,104
2021-07-07,94
2021-07-08,101
2021-07-09,146
2021-07-10,59
2021-07-11,67
2021-07-12,82
2021-07-13,111
2021-07-14,105
2021-07-15,105
2021-07-16,109
2021-07-17,65
2021-07-18,67
2021-07-19,99
2021-07-20,91
2021-07-21,118
2021-07-22,89
2021-07-23,122
2021-07-24,86
2021-07-25,76
2021-07-26,103
2021-07-27,130
2021-07-28,109
2021-07-29,140
2021-07-30,133
2021-07-31,75
2021-08-01,87
2021-08-02,81
2021-08-03,129
2021-08-04,123
2021-08-05,124
2021-08-06,137
2021-08-07,89
2021-08-08,77
2021-08-09,107
2021-08-10,127
2021-08-11,126
2021-08-12,138
2021-08-13,134
2021-08-14,93
2021-08-15,62
2021-08-16,84
2021-08-17,107
2021-08-18,111
2021-08-19,98
2021-08-20,117
2021-08-21,90
2021-08-22,77
2021-08-23,81
2021-08-24,123
2021-08-25,121
2021-08-26,136
2021-08-27,121
2021-08-28,64
2021-08-29,65
2021-08-30,97
2021-08-31,110
2021-09-01,126
2021-09-02,118
2021-09-03,102
2021-09-04,79
2021-09-05,67
2021-09-06,53
2021-09-07,89
2021-09-08,123
2021-09-09,108
2021-09-10,116
2021-09-11,69
2021-09-12,50
2021-09-13,98
2021-09-14,108
2021-09-15,96
2021-09-16,105
2021-09-17,117
2021-09-18,64
2021-09-19,86
2021-09-20,89
2021-09-21,134
2021-09-22,109
2021-09-23,123
2021-09-24,119
2021-09-25,84
2021-09-26,81
2021-09-27,95
2021-09-28,98
2021-09-29,100
2021-09-30,100
2021-10-01,122
2021-10-02,73
2021-10-03,74
2021-10-04,69
2021-10-05,102
2021-10-06,88
2021-10-07,112
2021-10-08,105
2021-10-09,75
2021-10-10,65
2021-10-11,85
2021-10-12,94
2021-10-13,57
2021-10-14,93
2021-10-15,98
2021-10-16,76
2021-10-17,66
2021-10-18,100
2021-10-19,111
2021-10-20,98
2021-10-21,100
2021-10-22,114
2021-10-23,59
2021-10-24,88
2021-10-25,89
2021-10-26,91
2021-10-27,75
2021-10-28,111
2021-10-29,105
2021-10-30,83
2021-10-31,82
